ByteRange,FitValue,Word,Category
[{0 116} {1 104} {2 105} {3 115}],0.0017727272727272728,this,Testing
[{0 116} {1 116} {2 105} {3 115}],0.0017488789237668162,ttis,Testing
[{0 206} {1 169} {2 226} {3 137} {4 136} {5 195} {6 167} {7 226} {8 136} {9 130} {10 194} {11 180}],0.0033867735470941886,Ω≈ç∂´,Testing
[{0 206} {1 169} {2 226} {3 137} {4 136} {5 195} {6 167} {7 226} {8 136} {9 130} {10 194} {11 180} {12 32}],0.003954758190327613,Ω≈ç∂´ ,Testing
